,TI,U0,floris_TI,floris_U0,layout_x,layout_y,num_turbines,sowfa_power_0,sowfa_power_1,sowfa_power_2,sowfa_power_3,sowfa_power_4,sowfa_power_total,yaw_0,yaw_1,yaw_2,yaw_3,yaw_4,yaw_code,gauss_power_0,gauss_power_1,gauss_power_2,gauss_power_3,gauss_power_4,gauss_power_total,yar_power_0,yar_power_1,yar_power_2,yar_power_3,yar_power_4,yar_power_total,ss_power_0,ss_power_1,ss_power_2,ss_power_3,ss_power_4,ss_power_total,gch_power_0,gch_power_1,gch_power_2,gch_power_3,gch_power_4,gch_power_total
0,0.1,8.0,0.09,8.38,"(1000.0, 1756.0, 2512.0, 3268.0, 4024.0)","(1000.0, 1000.0, 1000.0, 1000.0, 1000.0)",5,1940.0,843.9,856.9,893.1,926.2,5460.110939318356,0.0,0.0,0.0,0.0,0.0,0/0/0/0/0,1942.6,883.2,871.1,921.1,969.5,5587.616635740313,1942.6,865.6,849.6,897.4,944.4,5499.593880032004,1942.6,883.2,906.8,965.9,1014.3,5712.786210056693,1942.6,865.6,884.8,941.6,988.2,5622.710338477748
1,0.1,8.0,0.09,8.38,"(1000.0, 1756.0, 2512.0, 3268.0, 4024.0)","(1000.0, 1000.0, 1000.0, 1000.0, 1000.0)",5,1575.3,1247.3,1008.4,955.4,887.1,5673.531593412619,25.0,0.0,0.0,0.0,0.0,25/0/0/0/0,1615.0,1172.5,903.9,917.3,959.7,5568.446238585578,1615.0,1248.2,908.4,904.7,939.8,5616.071819418587,1615.0,1172.5,946.7,978.0,1019.4,5731.649859675017,1615.0,1248.2,950.9,965.3,999.0,5778.489595263448
2,0.1,8.0,0.09,8.38,"(1000.0, 1756.0, 2512.0, 3268.0, 4024.0)","(1000.0, 1000.0, 1000.0, 1000.0, 1000.0)",5,1577.0,986.9,1338.7,1089.4,999.8,5991.876363844228,25.0,25.0,0.0,0.0,0.0,25/25/0/0/0,1615.0,970.6,1137.8,939.4,953.0,5615.887681646792,1615.0,1034.3,1229.9,949.9,942.8,5771.969023758723,1615.0,970.6,1235.6,1006.1,1023.3,5850.6169552599185,1615.0,1034.3,1335.1,1014.5,1018.0,6016.998336272513
3,0.1,8.0,0.09,8.38,"(1000.0, 1756.0, 2512.0, 3268.0, 4024.0)","(1000.0, 1000.0, 1000.0, 1000.0, 1000.0)",5,1576.9,988.4,1030.0,1443.8,1141.8,6180.9127219587635,25.0,25.0,25.0,0.0,0.0,25/25/25/0/0,1615.0,970.6,941.5,1145.6,970.9,5643.518370480511,1615.0,1034.3,1018.9,1246.7,983.7,5898.602548309072,1615.0,970.6,1023.7,1261.0,1045.3,5915.544223147212,1615.0,1034.3,1107.6,1372.0,1055.8,6184.76302714343
